date,sold
2022-01-01,1
2022-01-01,1
2022-01-01,1
2022-01-01,3
2022-01-01,3
2022-01-01,2
2022-01-01,4
2022-01-01,1
2022-01-01,1
2022-01-01,2
2022-01-02,1
2022-01-02,1
2022-01-02,1
2022-01-02,3
2022-01-02,9
2022-01-02,2
2022-01-02,2
2022-01-02,1
2022-01-02,5
2022-01-02,0
2022-01-02,1
2022-01-03,1
2022-01-03,3
2022-01-03,1
2022-01-03,1
2022-01-03,1
2022-01-04,1
2022-01-04,3
2022-01-04,3
2022-01-05,1
2022-01-05,1
2022-01-05,1
2022-01-05,1
2022-01-05,1
2022-01-05,3
2022-01-06,1
2022-01-06,1
2022-01-06,1
2022-01-06,0
2022-01-06,1
2022-01-06,4
2022-01-06,8
2022-01-06,1
2022-01-06,13
2022-01-06,1
2022-01-06,1
2022-01-06,3
2022-01-06,2
2022-01-06,6
2022-01-06,1
2022-01-06,1
2022-01-07,1
2022-01-07,1
2022-01-07,2
2022-01-07,1
2022-01-07,3
2022-01-07,4
2022-01-07,1
2022-01-07,3
2022-01-07,2
2022-01-07,2
2022-01-07,2
2022-01-07,1
2022-01-07,1
2022-01-07,1
2022-01-07,2
2022-01-07,2
2022-01-08,1
2022-01-08,2
2022-01-08,1
2022-01-08,2
2022-01-08,2
2022-01-08,4
2022-01-08,2
2022-01-08,1
2022-01-08,0
2022-01-08,3
2022-01-08,3
2022-01-08,3
2022-01-08,1
2022-01-08,6
2022-01-08,2
2022-01-08,5
2022-01-08,0
2022-01-08,3
2022-01-08,3
2022-01-09,0
2022-01-09,1
2022-01-09,1
2022-01-09,1
2022-01-09,1
2022-01-09,1
2022-01-09,1
2022-01-09,5
2022-01-09,1
2022-01-09,2
2022-01-09,1
2022-01-09,1
2022-01-09,2
2022-01-11,1
2022-01-11,3
2022-01-11,1
2022-01-12,1
2022-01-13,1
2022-01-13,0
2022-01-13,0
2022-01-13,1
2022-01-13,3
2022-01-13,1
2022-01-14,2
2022-01-15,2
2022-01-16,1
2022-01-16,1
2022-01-16,3
2022-01-16,1
2022-01-16,5
2022-01-16,2
2022-01-16,1
2022-01-16,4
2022-01-16,1
2022-01-16,2
2022-01-16,2
2022-01-16,1
2022-01-16,1
2022-01-16,2
2022-01-16,3
2022-01-17,1
2022-01-17,1
2022-01-17,2
2022-01-17,1
2022-01-17,1
2022-01-17,4
2022-01-17,0
2022-01-17,2
2022-01-17,1
2022-01-17,1
2022-01-18,1
2022-01-18,2
2022-01-18,1
2022-01-18,1
2022-01-19,1
2022-01-19,0
2022-01-19,1
2022-01-19,1
2022-01-19,2
2022-01-19,1
2022-01-19,2
2022-01-20,1
2022-01-20,1
2022-01-21,1
2022-01-21,0
2022-01-21,1
2022-01-21,2
2022-01-21,1
2022-01-22,1
2022-01-22,39
2022-01-22,0
2022-01-22,18
2022-01-22,0
2022-01-22,1
2022-01-22,1
2022-01-23,4
2022-01-23,1
2022-01-23,1
2022-01-23,12
2022-01-23,7
2022-01-23,3
2022-01-23,1
2022-01-23,1
2022-01-23,7
2022-01-23,2
2022-01-23,5
2022-01-23,2
2022-01-23,4
2022-01-23,3
2022-01-23,6
2022-01-24,1
2022-01-24,1
2022-01-24,2
2022-01-24,2
2022-01-24,1
2022-01-24,1
2022-01-24,1
2022-01-24,1
2022-01-24,1
2022-01-24,1
2022-01-24,1
2022-01-24,3
2022-01-25,1
2022-01-25,1
2022-01-25,1
2022-01-26,0
2022-01-26,3
2022-01-26,2
2022-01-27,1
2022-01-27,2
2022-01-27,4
2022-01-27,1
2022-01-27,1
2022-01-27,1
2022-01-27,3
2022-01-27,1
2022-01-28,2
2022-01-28,1
2022-01-28,1
2022-01-28,1
2022-01-29,0
2022-01-29,1
2022-01-29,0
2022-01-29,2
2022-01-29,4
2022-01-29,1
2022-01-29,3
2022-01-29,1
2022-01-29,1
2022-01-29,0
2022-01-29,2
2022-01-29,2
2022-01-29,2
2022-01-29,2
2022-01-29,34
2022-01-29,15
2022-01-29,1
2022-01-29,1
2022-01-29,1
2022-01-29,1
2022-01-29,1
2022-01-29,2
2022-01-29,3
2022-01-30,2
2022-01-30,1
2022-01-30,2
2022-01-30,1
2022-01-30,1
2022-01-30,15
2022-01-30,2
2022-01-30,1
2022-01-30,1
2022-01-30,1
2022-01-30,0
2022-01-30,2
2022-01-30,1
2022-01-30,5
2022-01-30,3
2022-01-30,1
2022-01-30,3
2022-01-30,0
2022-01-30,2
2022-01-30,3
2022-01-31,1
2022-01-31,3
2022-01-31,1
2022-01-31,1
2022-01-31,1
2022-01-31,2
2022-01-31,1
2022-01-31,1
2022-02-01,2
2022-02-01,3
2022-02-01,1
2022-02-01,1
2022-02-01,1
2022-02-01,2
2022-02-01,2
2022-02-01,1
2022-02-01,1
2022-02-01,1
2022-02-01,2
2022-02-01,2
2022-02-01,2
2022-02-01,7
2022-02-01,2
2022-02-01,1
2022-02-01,4
2022-02-01,2
2022-02-01,1
2022-02-01,1
2022-02-01,5
2022-02-01,1
2022-02-02,1
2022-02-02,1
2022-02-02,1
2022-02-02,3
2022-02-03,1
2022-02-03,0
2022-02-03,0
2022-02-03,4
2022-02-03,1
2022-02-03,1
2022-02-03,1
2022-02-03,3
2022-02-03,0
2022-02-04,1
2022-02-04,1
2022-02-04,1
2022-02-04,0
2022-02-04,1
2022-02-04,10
2022-02-04,1
2022-02-04,5
2022-02-04,2
2022-02-04,0
2022-02-05,0
2022-02-05,1
2022-02-05,1
2022-02-05,4
2022-02-05,7
2022-02-05,1
2022-02-06,2
2022-02-06,1
2022-02-06,4
2022-02-06,1
2022-02-06,2
2022-02-06,1
2022-02-06,2
2022-02-06,1
2022-02-06,1
2022-02-06,2
2022-02-06,1
2022-02-06,4
2022-02-07,1
2022-02-07,2
2022-02-07,1
2022-02-07,1
2022-02-07,1
2022-02-07,2
2022-02-07,1
2022-02-07,1
2022-02-07,2
2022-02-07,1
2022-02-07,2
2022-02-07,1
2022-02-07,1
2022-02-07,1
2022-02-07,1
2022-02-07,1
2022-02-08,1
2022-02-08,2
2022-02-08,1
2022-02-08,1
2022-02-08,2
2022-02-08,2
2022-02-08,2
2022-02-08,2
2022-02-08,1
2022-02-09,1
2022-02-10,1
2022-02-10,1
2022-02-10,2
2022-02-10,1
2022-02-10,1
2022-02-10,1
2022-02-10,2
2022-02-10,2
2022-02-10,3
2022-02-11,0
2022-02-11,1
2022-02-11,1
2022-02-11,1
2022-02-11,2
2022-02-11,2
2022-02-11,3
2022-02-11,1
2022-02-11,1
2022-02-11,2
2022-02-11,3
2022-02-12,2
2022-02-12,0
2022-02-12,2
2022-02-13,1
2022-02-13,1
2022-02-13,4
2022-02-13,1
2022-02-13,2
2022-02-13,1
2022-02-13,2
2022-02-13,7
2022-02-13,2
2022-02-13,1
2022-02-13,1
2022-02-13,4
2022-02-13,3
2022-02-13,1
2022-02-13,10
2022-02-13,4
2022-02-13,2
2022-02-13,5
2022-02-13,1
2022-02-13,4
2022-02-13,1
2022-02-13,1
2022-02-13,1
2022-02-13,1
2022-02-13,6
2022-02-13,6
2022-02-14,1
2022-02-14,1
2022-02-14,1
2022-02-14,1
2022-02-14,1
2022-02-14,2
2022-02-14,1
2022-02-14,2
2022-02-14,5
2022-02-14,3
2022-02-14,0
2022-02-14,1
2022-02-14,5
2022-02-14,2
2022-02-15,1
2022-02-15,1
2022-02-15,3
2022-02-15,1
2022-02-15,2
2022-02-15,1
2022-02-15,2
2022-02-15,1
2022-02-15,1
2022-02-15,1
2022-02-15,1
2022-02-15,1
2022-02-15,1
2022-02-15,3
2022-02-15,1
2022-02-16,2
2022-02-16,2
2022-02-16,4
2022-02-16,2
2022-02-16,6
2022-02-16,10
2022-02-16,1
2022-02-16,1
2022-02-16,1
2022-02-16,2
2022-02-16,1
2022-02-17,1
2022-02-17,2
2022-02-17,2
2022-02-17,1
2022-02-17,3
2022-02-17,1
2022-02-17,1
2022-02-17,1
2022-02-17,1
2022-02-17,2
2022-02-18,1
2022-02-18,2
2022-02-18,8
2022-02-18,1
2022-02-18,1
2022-02-18,1
2022-02-18,1
2022-02-18,1
2022-02-18,2
2022-02-18,2
2022-02-18,1
2022-02-19,1
2022-02-19,2
2022-02-19,0
2022-02-19,1
2022-02-20,1
2022-02-20,1
2022-02-20,2
2022-02-20,1
2022-02-20,5
2022-02-20,3
2022-02-20,13
2022-02-20,3
2022-02-20,3
2022-02-20,2
2022-02-20,4
2022-02-20,3
2022-02-20,12
2022-02-20,3
2022-02-20,4
2022-02-20,1
2022-02-20,1
2022-02-20,4
2022-02-20,3
2022-02-20,1
2022-02-20,1
2022-02-20,9
2022-02-20,1
2022-02-21,1
2022-02-21,2
2022-02-21,1
2022-02-21,3
2022-02-21,1
2022-02-21,1
2022-02-21,1
2022-02-21,2
2022-02-21,2
2022-02-21,5
2022-02-21,5
2022-02-22,1
2022-02-22,1
2022-02-22,1
2022-02-22,2
2022-02-22,3
2022-02-22,1
2022-02-23,3
2022-02-23,1
2022-02-23,4
2022-02-23,1
2022-02-23,1
2022-02-23,1
2022-02-23,1
2022-02-23,1
2022-02-23,2
2022-02-23,2
2022-02-24,1
2022-02-24,1
2022-02-24,4
2022-02-24,1
2022-02-24,2
2022-02-25,1
2022-02-25,1
2022-02-25,0
2022-02-25,0
2022-02-25,1
2022-02-25,0
2022-02-25,2
2022-02-25,2
2022-02-25,1
2022-02-25,4
2022-02-25,1
2022-02-25,2
2022-02-25,6
2022-02-25,2
2022-02-26,1
2022-02-26,3
2022-02-26,2
2022-02-27,1
2022-02-27,0
2022-02-27,1
2022-02-27,1
2022-02-27,2
2022-02-27,2
2022-02-27,0
2022-02-27,1
2022-02-27,6
2022-02-27,1
2022-02-27,6
2022-02-27,1
2022-02-27,1
2022-02-27,2
2022-02-27,1
2022-02-27,2
2022-02-27,2
2022-02-27,2
2022-02-27,3
2022-02-28,1
2022-02-28,1
2022-02-28,2
2022-02-28,2
2022-02-28,2
2022-02-28,2
2022-02-28,2
2022-02-28,1
2022-02-28,1
2022-02-28,1
2022-02-28,0
2022-03-01,2
2022-03-01,0
2022-03-01,6
2022-03-01,3
2022-03-01,5
2022-03-01,5
2022-03-01,4
2022-03-02,3
2022-03-02,1
2022-03-02,1
2022-03-02,1
2022-03-02,1
2022-03-02,1
2022-03-02,1
2022-03-02,2
2022-03-02,1
2022-03-02,4
2022-03-02,3
2022-03-03,1
2022-03-03,1
2022-03-03,2
2022-03-03,1
2022-03-03,1
2022-03-03,1
2022-03-03,3
2022-03-03,1
2022-03-03,2
2022-03-04,0
2022-03-04,1
2022-03-04,2
2022-03-04,2
2022-03-04,1
2022-03-04,4
2022-03-04,1
2022-03-04,1
2022-03-04,2
2022-03-04,4
2022-03-04,1
2022-03-04,2
2022-03-04,6
2022-03-05,3
2022-03-05,2
2022-03-05,2
2022-03-05,1
2022-03-05,1
2022-03-05,1
2022-03-05,1
2022-03-06,2
2022-03-06,1
2022-03-06,2
2022-03-06,0
2022-03-06,3
2022-03-06,1
2022-03-06,1
2022-03-06,2
2022-03-06,2
2022-03-06,1
2022-03-06,3
2022-03-06,3
2022-03-06,2
2022-03-06,3
2022-03-06,2
2022-03-06,2
2022-03-06,1
2022-03-06,1
2022-03-06,4
2022-03-06,1
2022-03-06,1
2022-03-06,0
2022-03-06,2
2022-03-06,2
2022-03-07,1
2022-03-07,1
2022-03-07,1
2022-03-07,5
2022-03-07,2
2022-03-07,4
2022-03-07,3
2022-03-07,2
2022-03-07,5
2022-03-07,2
2022-03-07,3
2022-03-07,0
2022-03-07,3
2022-03-07,1
2022-03-08,1
2022-03-08,2
2022-03-08,2
2022-03-08,1
2022-03-09,1
2022-03-09,1
2022-03-10,2
2022-03-10,2
2022-03-10,3
2022-03-10,1
2022-03-10,3
2022-03-10,1
2022-03-10,1
2022-03-10,1
2022-03-10,2
2022-03-10,4
2022-03-10,2
2022-03-10,0
2022-03-10,1
2022-03-10,1
2022-03-10,1
2022-03-10,2
2022-03-10,1
2022-03-10,2
2022-03-11,0
2022-03-11,0
2022-03-11,1
2022-03-11,0
2022-03-11,2
2022-03-11,2
2022-03-11,0
2022-03-11,1
2022-03-11,0
2022-03-11,0
2022-03-11,0
2022-03-11,0
2022-03-11,0
2022-03-11,2
2022-03-11,1
2022-03-11,2
2022-03-11,1
2022-03-11,2
2022-03-11,1
2022-03-11,0
2022-03-11,0
2022-03-11,0
2022-03-11,1
2022-03-12,1
2022-03-12,1
2022-03-13,1
2022-03-13,5
2022-03-13,2
2022-03-13,6
2022-03-13,3
2022-03-13,3
2022-03-13,8
2022-03-13,2
2022-03-13,9
2022-03-13,1
2022-03-13,9
2022-03-13,4
2022-03-13,1
2022-03-13,5
2022-03-13,1
2022-03-13,1
2022-03-13,1
2022-03-13,2
2022-03-13,1
2022-03-14,0
2022-03-14,1
2022-03-14,2
2022-03-14,3
2022-03-14,8
2022-03-14,1
2022-03-14,5
2022-03-14,8
2022-03-14,0
2022-03-14,3
2022-03-14,2
2022-03-14,1
2022-03-14,1
2022-03-14,2
2022-03-15,2
2022-03-15,1
2022-03-15,1
2022-03-16,2
2022-03-16,1
2022-03-16,3
2022-03-16,3
2022-03-16,3
2022-03-16,0
2022-03-16,1
2022-03-16,2
2022-03-16,2
2022-03-17,1
2022-03-17,1
2022-03-17,1
2022-03-17,4
2022-03-17,1
2022-03-17,1
2022-03-17,1
2022-03-17,1
2022-03-17,2
2022-03-17,10
2022-03-17,1
2022-03-17,3
2022-03-17,1
2022-03-17,0
2022-03-17,1
2022-03-18,1
2022-03-18,1
2022-03-18,2
2022-03-18,1
2022-03-18,0
2022-03-18,1
2022-03-18,1
2022-03-18,1
2022-03-19,2
2022-03-19,1
2022-03-19,1
2022-03-19,1
2022-03-19,1
2022-03-19,4
2022-03-19,1
2022-03-19,1
2022-03-19,1
2022-03-20,2
2022-03-20,1
2022-03-20,4
2022-03-20,3
2022-03-20,7
2022-03-20,2
2022-03-20,2
2022-03-20,1
2022-03-20,6
2022-03-20,3
2022-03-20,2
2022-03-20,4
2022-03-20,3
2022-03-20,7
2022-03-20,13
2022-03-20,1
2022-03-20,1
2022-03-20,3
2022-03-20,5
2022-03-20,4
2022-03-20,2
2022-03-20,2
2022-03-20,2
2022-03-20,0
2022-03-20,8
2022-03-20,4
2022-03-20,1
2022-03-21,2
2022-03-21,0
2022-03-21,1
2022-03-21,0
2022-03-21,1
2022-03-21,11
2022-03-21,0
2022-03-21,1
2022-03-21,8
2022-03-21,1
2022-03-21,1
2022-03-21,4
2022-03-21,1
2022-03-21,2
2022-03-21,1
2022-03-22,1
2022-03-22,1
2022-03-22,2
2022-03-22,3
2022-03-23,2
2022-03-23,3
2022-03-24,1
2022-03-24,5
2022-03-25,3
2022-03-25,2
2022-03-25,1
2022-03-25,5
2022-03-25,1
2022-03-25,1
2022-03-25,8
2022-03-25,1
2022-03-25,1
2022-03-25,3
2022-03-25,1
2022-03-25,1
2022-03-25,1
2022-03-25,1
2022-03-25,3
2022-03-25,1
2022-03-25,3
2022-03-25,1
2022-03-25,1
2022-03-25,5
2022-03-25,3
2022-03-26,2
2022-03-26,1
2022-03-26,2
2022-03-26,1
2022-03-26,2
2022-03-26,1
2022-03-26,2
2022-03-26,1
2022-03-26,14
2022-03-26,5
2022-03-26,2
2022-03-26,4
2022-03-26,5
2022-03-26,3
2022-03-26,2
2022-03-26,1
2022-03-26,8
2022-03-26,2
2022-03-26,1
2022-03-26,4
2022-03-26,2
2022-03-26,4
2022-03-26,2
2022-03-26,3
2022-03-26,4
2022-03-26,2
2022-03-26,1
2022-03-26,7
2022-03-26,9
2022-03-27,2
2022-03-27,7
2022-03-27,2
2022-03-27,5
2022-03-27,6
2022-03-27,1
2022-03-27,4
2022-03-28,1
2022-03-28,1
2022-03-28,4
2022-03-28,1
2022-03-28,6
2022-03-28,1
2022-03-28,1
2022-03-28,1
2022-03-28,4
2022-03-29,2
2022-03-29,1
2022-03-29,2
2022-03-29,2
2022-03-29,2
2022-03-29,1
2022-03-29,2
2022-03-29,1
2022-03-29,10
2022-03-29,4
2022-03-29,1
2022-03-29,1
2022-03-29,2
2022-03-29,2
2022-03-29,1
2022-03-29,1
2022-03-29,1
2022-03-29,3
2022-03-29,5
2022-03-29,8
2022-03-30,2
2022-03-30,3
2022-03-30,5
2022-03-30,1
2022-03-30,1
2022-03-30,5
2022-03-30,3
2022-03-30,1
2022-03-30,3
2022-03-30,1
2022-03-30,2
2022-03-30,1
2022-03-30,6
2022-03-31,1
2022-03-31,2
2022-03-31,2
2022-03-31,1
2022-03-31,2
2022-03-31,2
2022-03-31,1
2022-04-01,1
2022-04-01,1
2022-04-01,1
2022-04-02,2
2022-04-02,1
2022-04-02,2
2022-04-02,4
2022-04-02,2
2022-04-02,11
2022-04-02,2
2022-04-02,2
2022-04-02,2
2022-04-02,4
2022-04-02,8
2022-04-02,1
2022-04-02,4
2022-04-02,1
2022-04-02,3
2022-04-02,4
2022-04-03,0
2022-04-03,1
2022-04-03,3
2022-04-03,6
2022-04-03,2
2022-04-03,6
2022-04-03,1
2022-04-03,1
2022-04-03,2
2022-04-03,4
2022-04-03,3
2022-04-03,1
2022-04-03,5
2022-04-03,1
2022-04-03,2
2022-04-03,3
2022-04-03,1
2022-04-03,4
2022-04-04,2
2022-04-04,1
2022-04-05,1
2022-04-05,1
2022-04-05,2
2022-04-05,1
2022-04-05,1
2022-04-06,1
2022-04-06,2
2022-04-06,1
2022-04-07,3
2022-04-07,1
2022-04-07,1
2022-04-07,6
2022-04-07,1
2022-04-07,1
2022-04-07,1
2022-04-07,5
2022-04-07,1
2022-04-07,3
2022-04-07,1
2022-04-07,1
2022-04-07,1
2022-04-07,1
2022-04-07,2
2022-04-07,1
2022-04-08,3
2022-04-08,2
2022-04-08,1
2022-04-08,0
2022-04-08,1
2022-04-09,2
2022-04-09,2
2022-04-09,2
2022-04-09,1
2022-04-09,5
2022-04-09,7
2022-04-09,3
2022-04-09,1
2022-04-09,7
2022-04-09,4
2022-04-09,2
2022-04-09,1
2022-04-09,11
2022-04-09,1
2022-04-09,1
2022-04-09,2
2022-04-09,2
2022-04-09,2
2022-04-09,2
2022-04-09,3
2022-04-09,7
2022-04-09,2
2022-04-10,0
2022-04-10,3
2022-04-10,1
2022-04-10,1
2022-04-10,2
2022-04-10,1
2022-04-10,11
2022-04-10,1
2022-04-10,1
2022-04-10,7
2022-04-10,2
2022-04-10,2
2022-04-10,0
2022-04-10,9
2022-04-10,1
2022-04-10,1
2022-04-10,1
2022-04-10,1
2022-04-10,1
2022-04-10,1
2022-04-10,3
2022-04-10,5
2022-04-11,2
2022-04-11,2
2022-04-11,1
2022-04-11,2
2022-04-11,2
2022-04-11,4
2022-04-12,1
2022-04-12,1
2022-04-12,1
2022-04-12,1
2022-04-12,1
2022-04-12,1
2022-04-13,1
2022-04-13,1
2022-04-13,3
2022-04-13,1
2022-04-13,2
2022-04-13,2
2022-04-13,1
2022-04-13,3
2022-04-13,2
2022-04-13,0
2022-04-13,1
2022-04-13,1
2022-04-13,2
2022-04-13,1
2022-04-13,1
2022-04-13,0
2022-04-13,0
2022-04-13,2
2022-04-13,2
2022-04-14,1
2022-04-14,1
2022-04-14,1
2022-04-14,1
2022-04-14,0
2022-04-14,4
2022-04-14,1
2022-04-14,1
2022-04-14,1
2022-04-14,2
2022-04-14,1
2022-04-14,2
2022-04-14,4
2022-04-14,7
2022-04-15,2
2022-04-15,2
2022-04-15,2
2022-04-15,8
2022-04-15,2
2022-04-15,1
2022-04-15,1
2022-04-15,1
2022-04-15,2
2022-04-15,1
2022-04-15,3
2022-04-15,1
2022-04-15,2
2022-04-15,2
2022-04-15,2
2022-04-15,1
2022-04-15,2
2022-04-15,3
2022-04-16,1
2022-04-16,3
2022-04-16,1
2022-04-16,1
2022-04-16,1
2022-04-16,6
2022-04-16,5
2022-04-16,1
2022-04-16,1
2022-04-16,7
2022-04-16,4
2022-04-16,5
2022-04-16,1
2022-04-16,4
2022-04-16,1
2022-04-16,1
2022-04-16,1
2022-04-16,2
2022-04-16,3
2022-04-17,1
2022-04-17,2
2022-04-17,3
2022-04-17,1
2022-04-17,2
2022-04-17,1
2022-04-17,1
2022-04-17,14
2022-04-17,2
2022-04-17,1
2022-04-17,10
2022-04-17,0
2022-04-17,6
2022-04-17,23
2022-04-17,2
2022-04-17,2
2022-04-17,2
2022-04-17,9
2022-04-17,4
2022-04-17,1
2022-04-17,2
2022-04-17,1
2022-04-17,5
2022-04-17,7
2022-04-17,0
2022-04-18,0
2022-04-18,2
2022-04-18,6
2022-04-18,3
2022-04-18,1
2022-04-18,4
2022-04-18,8
2022-04-18,1
2022-04-18,3
2022-04-18,5
2022-04-18,1
2022-04-18,1
2022-04-18,1
2022-04-18,1
2022-04-18,2
2022-04-18,2
2022-04-18,1
2022-04-19,1
2022-04-19,2
2022-04-19,2
2022-04-19,1
2022-04-19,1
2022-04-19,1
2022-04-19,1
2022-04-19,4
2022-04-19,2
2022-04-19,2
2022-04-19,2
2022-04-19,2
2022-04-19,0
2022-04-19,3
2022-04-19,4
2022-04-20,1
2022-04-20,1
2022-04-20,1
2022-04-20,3
2022-04-20,1
2022-04-20,2
2022-04-20,1
2022-04-20,2
2022-04-20,1
2022-04-20,1
2022-04-20,1
2022-04-20,1
2022-04-20,2
2022-04-20,3
2022-04-21,1
2022-04-21,1
2022-04-21,1
2022-04-21,2
2022-04-21,2
2022-04-21,1
2022-04-21,1
2022-04-21,1
2022-04-21,0
2022-04-21,1
2022-04-22,2
2022-04-22,2
2022-04-22,3
2022-04-22,2
2022-04-22,1
2022-04-22,2
2022-04-22,1
2022-04-23,2
2022-04-23,3
2022-04-23,3
2022-04-23,4
2022-04-23,4
2022-04-23,6
2022-04-23,4
2022-04-23,2
2022-04-23,18
2022-04-23,1
2022-04-23,3
2022-04-23,2
2022-04-23,13
2022-04-23,1
2022-04-23,1
2022-04-23,4
2022-04-23,2
2022-04-23,3
2022-04-23,3
2022-04-23,4
2022-04-23,7
2022-04-23,7
2022-04-24,1
2022-04-24,9
2022-04-24,2
2022-04-24,1
2022-04-24,1
2022-04-24,5
2022-04-24,1
2022-04-24,2
2022-04-24,4
2022-04-24,2
2022-04-24,4
2022-04-24,1
2022-04-24,2
2022-04-25,3
2022-04-25,1
2022-04-25,1
2022-04-25,1
2022-04-25,4
2022-04-25,0
2022-04-25,4
2022-04-25,1
2022-04-25,3
2022-04-25,1
2022-04-25,1
2022-04-25,1
2022-04-25,1
2022-04-25,3
2022-04-26,0
2022-04-26,2
2022-04-26,4
2022-04-26,0
2022-04-26,1
2022-04-26,3
2022-04-26,6
2022-04-26,3
2022-04-26,4
2022-04-27,1
2022-04-27,1
2022-04-27,2
2022-04-27,0
2022-04-27,1
2022-04-27,3
2022-04-27,2
2022-04-27,1
2022-04-27,0
2022-04-27,1
2022-04-27,3
2022-04-27,3
2022-04-27,1
2022-04-27,1
2022-04-27,1
2022-04-27,3
2022-04-28,1
2022-04-28,1
2022-04-28,2
2022-04-28,1
2022-04-28,2
2022-04-29,3
2022-04-29,1
2022-04-29,1
2022-04-29,3
2022-04-29,2
2022-04-30,2
2022-04-30,1
2022-04-30,2
2022-04-30,1
2022-04-30,1
2022-04-30,2
2022-04-30,2
2022-04-30,2
2022-04-30,10
2022-04-30,1
2022-04-30,3
2022-04-30,2
2022-04-30,1
2022-04-30,5
2022-04-30,4
2022-04-30,7
2022-04-30,1
2022-04-30,1
2022-04-30,3
2022-04-30,6
2022-04-30,1
2022-04-30,2
2022-04-30,2
2022-04-30,2
2022-05-01,2
2022-05-01,0
2022-05-01,0
2022-05-01,2
2022-05-01,5
2022-05-01,1
2022-05-01,0
2022-05-01,1
2022-05-01,0
2022-05-01,0
2022-05-01,3
2022-05-01,1
2022-05-01,4
2022-05-01,1
2022-05-01,0
2022-05-01,3
2022-05-01,1
2022-05-01,0
2022-05-01,0
2022-05-01,0
2022-05-01,0
2022-05-01,2
2022-05-02,1
2022-05-02,1
2022-05-02,3
2022-05-02,1
2022-05-02,1
2022-05-02,1
2022-05-02,1
2022-05-02,3
2022-05-02,3
2022-05-02,2
2022-05-02,1
2022-05-02,2
2022-05-02,1
2022-05-02,3
2022-05-03,1
2022-05-03,1
2022-05-03,1
2022-05-03,2
2022-05-03,1
2022-05-03,6
2022-05-03,1
2022-05-03,1
2022-05-04,1
2022-05-04,2
2022-05-04,1
2022-05-04,6
2022-05-04,1
2022-05-04,1
2022-05-04,1
2022-05-04,1
2022-05-04,3
2022-05-04,4
2022-05-04,1
2022-05-05,2
2022-05-05,2
2022-05-05,2
2022-05-05,1
2022-05-05,2
2022-05-07,2
2022-05-07,1
2022-05-07,1
2022-05-07,2
2022-05-07,1
2022-05-07,4
2022-05-07,3
2022-05-07,1
2022-05-07,2
2022-05-07,4
2022-05-07,10
2022-05-07,5
2022-05-07,2
2022-05-07,1
2022-05-07,6
2022-05-07,0
2022-05-07,4
2022-05-07,2
2022-05-07,1
2022-05-07,1
2022-05-07,5
2022-05-08,1
2022-05-08,4
2022-05-08,1
2022-05-08,6
2022-05-08,2
2022-05-08,6
2022-05-08,1
2022-05-08,5
2022-05-08,1
2022-05-08,1
2022-05-08,4
2022-05-08,1
2022-05-08,3
2022-05-08,1
2022-05-08,2
2022-05-08,3
2022-05-09,0
2022-05-09,1
2022-05-09,4
2022-05-09,1
2022-05-09,1
2022-05-09,1
2022-05-09,3
2022-05-09,2
2022-05-09,1
2022-05-09,1
2022-05-09,1
2022-05-09,1
2022-05-09,3
2022-05-09,1
2022-05-10,2
2022-05-10,1
2022-05-10,1
2022-05-10,1
2022-05-10,1
2022-05-10,2
2022-05-11,1
2022-05-11,7
2022-05-11,1
2022-05-11,1
2022-05-11,2
2022-05-11,1
2022-05-11,3
2022-05-11,1
2022-05-11,2
2022-05-11,1
2022-05-11,1
2022-05-11,1
2022-05-11,1
2022-05-11,1
2022-05-11,1
2022-05-12,2
2022-05-12,0
2022-05-12,1
2022-05-12,1
2022-05-12,5
2022-05-12,2
2022-05-12,1
2022-05-12,1
2022-05-12,1
2022-05-13,1
2022-05-14,2
2022-05-14,2
2022-05-14,1
2022-05-14,3
2022-05-14,8
2022-05-14,1
2022-05-14,1
2022-05-14,8
2022-05-14,5
2022-05-14,3
2022-05-14,5
2022-05-14,1
2022-05-14,8
2022-05-14,2
2022-05-14,1
2022-05-14,4
2022-05-14,2
2022-05-14,1
2022-05-14,1
2022-05-14,2
2022-05-14,4
2022-05-15,1
2022-05-15,1
2022-05-15,1
2022-05-15,1
2022-05-15,1
2022-05-15,1
2022-05-15,2
2022-05-15,3
2022-05-15,1
2022-05-15,1
2022-05-15,2
2022-05-15,1
2022-05-15,0
2022-05-15,1
2022-05-15,2
2022-05-15,1
2022-05-15,2
2022-05-15,1
2022-05-15,6
2022-05-16,2
2022-05-16,1
2022-05-16,0
2022-05-16,0
2022-05-16,1
2022-05-16,0
2022-05-16,1
2022-05-16,0
2022-05-16,1
2022-05-17,1
2022-05-17,3
2022-05-17,1
2022-05-17,1
2022-05-17,1
2022-05-17,2
2022-05-17,1
2022-05-18,2
2022-05-18,2
2022-05-18,1
2022-05-18,1
2022-05-18,1
2022-05-18,4
2022-05-18,4
2022-05-18,1
2022-05-18,1
2022-05-18,2
2022-05-18,1
2022-05-18,2
2022-05-18,4
2022-05-18,2
2022-05-18,2
2022-05-18,2
2022-05-19,1
2022-05-19,2
2022-05-19,1
2022-05-19,1
2022-05-19,1
2022-05-20,1
2022-05-20,1
2022-05-20,2
2022-05-20,1
2022-05-20,2
2022-05-20,0
2022-05-20,2
2022-05-20,1
2022-05-20,1
2022-05-20,1
2022-05-21,2
2022-05-21,2
2022-05-21,2
2022-05-21,1
2022-05-21,7
2022-05-21,10
2022-05-21,6
2022-05-21,1
2022-05-21,3
2022-05-21,4
2022-05-21,1
2022-05-21,0
2022-05-21,2
2022-05-21,8
2022-05-21,1
2022-05-21,3
2022-05-21,1
2022-05-21,2
2022-05-21,5
2022-05-21,2
2022-05-21,6
2022-05-21,1
2022-05-21,2
2022-05-21,2
2022-05-21,1
2022-05-22,2
2022-05-22,2
2022-05-22,1
2022-05-22,1
2022-05-22,10
2022-05-22,4
2022-05-22,1
2022-05-22,3
2022-05-22,2
2022-05-22,2
2022-05-22,1
2022-05-22,9
2022-05-22,7
2022-05-22,1
2022-05-22,5
2022-05-22,1
2022-05-22,2
2022-05-22,4
2022-05-22,1
2022-05-22,1
2022-05-22,2
2022-05-22,4
2022-05-22,2
2022-05-23,3
2022-05-23,3
2022-05-23,3
2022-05-23,3
2022-05-23,1
2022-05-23,1
2022-05-23,3
2022-05-23,4
2022-05-23,1
2022-05-23,1
2022-05-24,2
2022-05-24,2
2022-05-24,2
2022-05-24,1
2022-05-25,1
2022-05-25,4
2022-05-25,3
2022-05-25,3
2022-05-25,1
2022-05-25,2
2022-05-25,4
2022-05-25,2
2022-05-25,8
2022-05-25,5
2022-05-25,1
2022-05-25,4
2022-05-25,1
2022-05-25,3
2022-05-25,2
2022-05-25,4
2022-05-25,1
2022-05-25,2
2022-05-25,2
2022-05-26,1
2022-05-26,2
2022-05-26,1
2022-05-26,1
2022-05-26,2
2022-05-26,2
2022-05-26,2
2022-05-26,3
2022-05-26,1
2022-05-26,1
2022-05-26,2
2022-05-26,1
2022-05-26,2
2022-05-26,1
2022-05-26,1
2022-05-26,2
2022-05-26,3
2022-05-26,1
2022-05-26,1
2022-05-26,1
2022-05-26,4
2022-05-26,6
2022-05-27,1
2022-05-27,1
2022-05-27,1
2022-05-27,1
2022-05-27,3
2022-05-27,1
2022-05-27,1
2022-05-28,1
2022-05-28,3
2022-05-28,4
2022-05-28,2
2022-05-28,5
2022-05-28,4
2022-05-28,5
2022-05-28,12
2022-05-28,3
2022-05-28,25
2022-05-28,4
2022-05-28,1
2022-05-28,2
2022-05-28,3
2022-05-28,5
2022-05-28,13
2022-05-28,2
2022-05-28,1
2022-05-28,15
2022-05-28,2
2022-05-28,1
2022-05-29,1
2022-05-29,3
2022-05-29,3
2022-05-29,1
2022-05-29,13
2022-05-29,2
2022-05-29,6
2022-05-29,1
2022-05-29,1
2022-05-29,5
2022-05-29,3
2022-05-29,1
2022-05-29,1
2022-05-29,5
2022-05-29,4
2022-05-29,2
2022-05-29,2
2022-05-29,1
2022-05-29,1
2022-05-29,5
2022-05-30,1
2022-05-30,1
2022-05-31,1
2022-05-31,1
2022-05-31,1
2022-05-31,1
2022-05-31,1
2022-05-31,2
2022-05-31,2
2022-05-31,1
2022-05-31,1
2022-06-01,1
2022-06-01,1
2022-06-02,1
2022-06-02,0
2022-06-02,3
2022-06-02,1
2022-06-02,2
2022-06-02,1
2022-06-02,1
2022-06-02,1
2022-06-02,2
2022-06-02,1
2022-06-02,1
2022-06-02,1
2022-06-02,2
2022-06-03,2
2022-06-03,1
2022-06-03,1
2022-06-04,1
2022-06-04,1
2022-06-04,1
2022-06-04,8
2022-06-04,3
2022-06-04,8
2022-06-04,1
2022-06-04,1
2022-06-04,2
2022-06-04,1
2022-06-04,6
2022-06-04,2
2022-06-04,2
2022-06-04,2
2022-06-04,1
2022-06-04,1
2022-06-04,4
2022-06-04,4
2022-06-05,2
2022-06-05,0
2022-06-05,2
2022-06-05,2
2022-06-05,4
2022-06-05,1
2022-06-05,3
2022-06-05,4
2022-06-05,1
2022-06-05,1
2022-06-05,6
2022-06-05,4
2022-06-05,1
2022-06-05,5
2022-06-05,1
2022-06-05,1
2022-06-05,1
2022-06-05,5
2022-06-05,1
2022-06-05,3
2022-06-05,3
2022-06-05,4
2022-06-06,1
2022-06-06,1
2022-06-06,5
2022-06-06,16
2022-06-06,2
2022-06-06,20
2022-06-06,2
2022-06-06,0
2022-06-06,1
2022-06-06,17
2022-06-06,3
2022-06-06,4
2022-06-06,4
2022-06-06,6
2022-06-06,5
2022-06-06,0
2022-06-06,1
2022-06-06,1
2022-06-06,2
2022-06-06,1
2022-06-07,1
2022-06-07,2
2022-06-08,3
2022-06-08,2
2022-06-08,1
2022-06-08,2
2022-06-08,1
2022-06-09,1
2022-06-09,1
2022-06-09,1
2022-06-09,0
2022-06-09,1
2022-06-09,2
2022-06-09,5
2022-06-09,1
2022-06-09,1
2022-06-09,2
2022-06-09,3
2022-06-09,2
2022-06-10,3
2022-06-10,8
2022-06-10,2
2022-06-10,2
2022-06-10,2
2022-06-10,1
2022-06-10,3
2022-06-10,1
2022-06-10,5
2022-06-10,1
2022-06-10,4
2022-06-10,1
2022-06-10,1
2022-06-10,3
2022-06-10,6
2022-06-10,1
2022-06-10,5
2022-06-10,2
2022-06-10,5
2022-06-11,2
2022-06-11,3
2022-06-11,1
2022-06-11,5
2022-06-11,2
2022-06-11,2
2022-06-11,3
2022-06-11,4
2022-06-11,2
2022-06-11,3
2022-06-11,1
2022-06-11,3
2022-06-11,1
2022-06-11,3
2022-06-12,1
2022-06-12,5
2022-06-12,2
2022-06-12,1
2022-06-12,1
2022-06-12,7
2022-06-12,2
2022-06-12,1
2022-06-12,1
2022-06-12,2
2022-06-12,3
2022-06-12,1
2022-06-12,1
2022-06-12,2
2022-06-13,1
2022-06-13,2
2022-06-13,2
2022-06-13,1
2022-06-13,1
2022-06-14,1
2022-06-14,1
2022-06-14,1
2022-06-14,1
2022-06-14,3
2022-06-14,4
2022-06-14,3
2022-06-14,0
2022-06-14,1
2022-06-14,3
2022-06-15,1
2022-06-15,0
2022-06-15,1
2022-06-15,1
2022-06-15,1
2022-06-15,1
2022-06-15,2
2022-06-15,1
2022-06-15,1
2022-06-16,1
2022-06-16,2
2022-06-16,1
2022-06-16,1
2022-06-16,1
2022-06-16,2
2022-06-16,2
2022-06-16,1
2022-06-16,1
2022-06-16,1
2022-06-16,1
2022-06-17,1
2022-06-17,2
2022-06-17,6
2022-06-17,1
2022-06-17,4
2022-06-17,5
2022-06-17,9
2022-06-17,2
2022-06-17,2
2022-06-17,1
2022-06-17,3
2022-06-17,1
2022-06-17,2
2022-06-17,2
2022-06-17,14
2022-06-17,6
2022-06-17,6
2022-06-17,2
2022-06-17,8
2022-06-17,4
2022-06-17,3
2022-06-17,16
2022-06-17,2
2022-06-17,2
2022-06-17,10
2022-06-17,2
2022-06-18,2
2022-06-18,1
2022-06-18,3
2022-06-18,2
2022-06-18,1
2022-06-18,6
2022-06-18,17
2022-06-18,2
2022-06-18,8
2022-06-18,7
2022-06-18,3
2022-06-18,1
2022-06-18,2
2022-06-18,9
2022-06-18,2
2022-06-18,28
2022-06-18,1
2022-06-18,14
2022-06-18,5
2022-06-18,1
2022-06-18,3
2022-06-18,2
2022-06-18,6
2022-06-18,1
2022-06-18,5
2022-06-18,3
2022-06-18,8
2022-06-18,1
2022-06-18,4
2022-06-18,7
2022-06-19,2
2022-06-19,2
2022-06-19,0
2022-06-19,6
2022-06-19,2
2022-06-19,3
2022-06-19,13
2022-06-19,1
2022-06-19,1
2022-06-19,13
2022-06-19,3
2022-06-19,1
2022-06-19,2
2022-06-19,12
2022-06-19,2
2022-06-19,1
2022-06-19,1
2022-06-19,2
2022-06-19,5
2022-06-19,5
2022-06-19,1
2022-06-19,1
2022-06-19,3
2022-06-19,5
2022-06-20,2
2022-06-20,3
2022-06-20,1
2022-06-20,1
2022-06-20,2
2022-06-20,1
2022-06-20,4
2022-06-20,1
2022-06-20,1
2022-06-21,1
2022-06-21,1
2022-06-21,1
2022-06-22,5
2022-06-22,1
2022-06-22,1
2022-06-22,1
2022-06-22,1
2022-06-22,1
2022-06-22,3
2022-06-23,2
2022-06-23,0
2022-06-23,2
2022-06-23,5
2022-06-23,1
2022-06-23,2
2022-06-23,1
2022-06-23,2
2022-06-23,1
2022-06-23,2
2022-06-23,0
2022-06-23,1
2022-06-23,0
2022-06-23,2
2022-06-23,2
2022-06-23,3
2022-06-23,2
2022-06-23,9
2022-06-25,2
2022-06-25,0
2022-06-25,3
2022-06-25,2
2022-06-25,11
2022-06-25,5
2022-06-25,4
2022-06-25,1
2022-06-25,6
2022-06-25,1
2022-06-25,3
2022-06-25,4
2022-06-25,4
2022-06-25,3
2022-06-25,11
2022-06-25,4
2022-06-25,1
2022-06-25,3
2022-06-25,2
2022-06-25,4
2022-06-25,1
2022-06-25,5
2022-06-25,3
2022-06-25,3
2022-06-25,5
2022-06-25,2
2022-06-25,9
2022-06-25,12
2022-06-26,1
2022-06-26,2
2022-06-26,0
2022-06-26,2
2022-06-26,1
2022-06-26,6
2022-06-26,4
2022-06-26,1
2022-06-26,5
2022-06-26,7
2022-06-26,1
2022-06-26,4
2022-06-26,2
2022-06-26,10
2022-06-26,1
2022-06-26,4
2022-06-26,1
2022-06-26,3
2022-06-26,5
2022-06-26,1
2022-06-26,6
2022-06-26,2
2022-06-26,1
2022-06-26,1
2022-06-26,3
2022-06-26,5
2022-06-26,2
2022-06-27,1
2022-06-27,2
2022-06-27,2
2022-06-27,3
2022-06-27,1
2022-06-27,3
2022-06-27,1
2022-06-27,1
2022-06-27,1
2022-06-27,1
2022-06-27,2
2022-06-27,3
2022-06-28,1
2022-06-28,5
2022-06-28,1
2022-06-28,3
2022-06-28,2
2022-06-28,1
2022-06-28,2
2022-06-28,1
2022-06-28,1
2022-06-28,2
2022-06-29,2
2022-06-29,1
2022-06-29,3
2022-06-29,1
2022-06-29,1
2022-06-29,2
2022-06-29,3
2022-06-29,3
2022-06-29,2
2022-06-29,1
2022-06-29,2
2022-06-29,4
2022-06-29,1
2022-06-29,1
2022-06-29,1
2022-06-29,4
2022-06-30,1
2022-06-30,3
2022-06-30,1
2022-06-30,3
2022-06-30,1
2022-06-30,1
2022-06-30,1
2022-06-30,1
2022-06-30,2
2022-06-30,1
2022-06-30,4
2022-07-01,4
2022-07-01,2
2022-07-01,2
2022-07-01,2
2022-07-01,1
2022-07-01,3
2022-07-01,3
2022-07-01,5
2022-07-01,7
2022-07-01,0
2022-07-01,5
2022-07-01,0
2022-07-01,4
2022-07-01,1
2022-07-01,2
2022-07-01,1
2022-07-01,1
2022-07-01,2
2022-07-01,4
2022-07-01,1
2022-07-01,1
2022-07-01,6
2022-07-01,4
2022-07-02,1
2022-07-02,2
2022-07-02,2
2022-07-02,2
2022-07-02,1
2022-07-02,2
2022-07-02,10
2022-07-02,4
2022-07-02,3
2022-07-02,8
2022-07-02,5
2022-07-02,1
2022-07-02,2
2022-07-02,2
2022-07-02,1
2022-07-02,5
2022-07-02,1
2022-07-02,1
2022-07-02,1
2022-07-02,3
2022-07-02,2
2022-07-02,1
2022-07-02,1
2022-07-02,1
2022-07-02,2
2022-07-03,1
2022-07-03,2
2022-07-03,2
2022-07-03,1
2022-07-03,2
2022-07-03,0
2022-07-03,4
2022-07-03,1
2022-07-03,2
2022-07-03,2
2022-07-03,2
2022-07-03,1
2022-07-04,2
2022-07-04,1
2022-07-04,1
2022-07-04,1
2022-07-04,2
2022-07-04,1
2022-07-04,1
2022-07-04,1
2022-07-04,0
2022-07-04,2
2022-07-05,2
2022-07-05,1
2022-07-05,2
2022-07-05,1
2022-07-05,2
2022-07-05,1
2022-07-05,1
2022-07-05,1
2022-07-06,1
2022-07-06,1
2022-07-06,1
2022-07-06,2
2022-07-06,1
2022-07-06,1
2022-07-06,2
2022-07-06,1
2022-07-07,1
2022-07-07,3
2022-07-07,1
2022-07-07,1
2022-07-07,5
2022-07-07,1
2022-07-07,1
2022-07-07,4
2022-07-07,1
2022-07-07,2
2022-07-07,2
2022-07-07,2
2022-07-07,6
2022-07-07,2
2022-07-07,1
2022-07-07,1
2022-07-07,3
2022-07-07,2
2022-07-07,1
2022-07-07,1
2022-07-07,1
2022-07-07,1
2022-07-07,0
2022-07-07,5
2022-07-07,4
2022-07-08,1
2022-07-08,1
2022-07-08,2
2022-07-08,4
2022-07-08,8
2022-07-08,1
2022-07-08,3
2022-07-08,1
2022-07-08,1
2022-07-08,1
2022-07-08,1
2022-07-08,4
2022-07-08,1
2022-07-08,1
2022-07-08,7
2022-07-08,6
2022-07-08,1
2022-07-08,1
2022-07-08,1
2022-07-08,3
2022-07-09,1
2022-07-09,3
2022-07-09,5
2022-07-09,3
2022-07-09,1
2022-07-09,2
2022-07-09,6
2022-07-09,6
2022-07-09,1
2022-07-09,9
2022-07-09,1
2022-07-09,3
2022-07-09,4
2022-07-09,2
2022-07-09,2
2022-07-09,6
2022-07-09,1
2022-07-09,2
2022-07-09,1
2022-07-09,6
2022-07-09,1
2022-07-09,1
2022-07-09,1
2022-07-09,7
2022-07-09,1
2022-07-09,1
2022-07-09,3
2022-07-09,8
2022-07-09,1
2022-07-10,1
2022-07-10,1
2022-07-10,5
2022-07-10,4
2022-07-10,2
2022-07-10,1
2022-07-10,3
2022-07-10,0
2022-07-10,2
2022-07-10,1
2022-07-10,6
2022-07-10,1
2022-07-10,2
2022-07-10,1
2022-07-10,1
2022-07-10,1
2022-07-10,3
2022-07-10,2
2022-07-11,3
2022-07-11,5
2022-07-11,3
2022-07-11,1
2022-07-11,4
2022-07-11,1
2022-07-11,4
2022-07-11,2
2022-07-11,2
2022-07-11,2
2022-07-11,4
2022-07-11,2
2022-07-11,1
2022-07-11,3
2022-07-11,2
2022-07-11,3
2022-07-11,1
2022-07-11,1
2022-07-11,3
2022-07-11,3
2022-07-11,2
2022-07-11,0
2022-07-11,1
2022-07-11,5
2022-07-12,1
2022-07-12,1
2022-07-12,1
2022-07-12,1
2022-07-12,2
2022-07-12,2
2022-07-12,1
2022-07-12,2
2022-07-12,1
2022-07-12,5
2022-07-13,4
2022-07-13,0
2022-07-13,4
2022-07-13,4
2022-07-13,1
2022-07-13,3
2022-07-13,1
2022-07-13,2
2022-07-13,4
2022-07-13,0
2022-07-13,1
2022-07-13,3
2022-07-13,1
2022-07-13,3
2022-07-13,9
2022-07-13,0
2022-07-13,1
2022-07-13,1
2022-07-13,1
2022-07-13,1
2022-07-13,5
2022-07-13,2
2022-07-14,2
2022-07-14,1
2022-07-14,3
2022-07-14,4
2022-07-14,2
2022-07-14,1
2022-07-14,1
2022-07-14,2
2022-07-14,1
2022-07-14,0
2022-07-14,1
2022-07-14,1
2022-07-14,1
2022-07-15,1
2022-07-15,1
2022-07-15,3
2022-07-15,5
2022-07-15,3
2022-07-15,2
2022-07-15,1
2022-07-15,1
2022-07-15,2
2022-07-15,1
2022-07-15,1
2022-07-15,3
2022-07-15,2
2022-07-15,3
2022-07-15,2
2022-07-16,2
2022-07-16,3
2022-07-16,1
2022-07-16,6
2022-07-16,1
2022-07-16,3
2022-07-16,1
2022-07-16,3
2022-07-16,6
2022-07-16,1
2022-07-16,1
2022-07-16,2
2022-07-16,2
2022-07-16,2
2022-07-16,5
2022-07-16,1
2022-07-16,3
2022-07-16,2
2022-07-16,7
2022-07-16,3
2022-07-16,1
2022-07-16,4
2022-07-16,1
2022-07-16,4
2022-07-16,10
2022-07-17,3
2022-07-17,13
2022-07-17,5
2022-07-17,2
2022-07-17,5
2022-07-17,3
2022-07-17,4
2022-07-17,5
2022-07-17,1
2022-07-17,1
2022-07-17,22
2022-07-17,1
2022-07-17,1
2022-07-17,6
2022-07-17,16
2022-07-17,7
2022-07-17,3
2022-07-17,1
2022-07-17,2
2022-07-17,3
2022-07-17,6
2022-07-17,1
2022-07-17,7
2022-07-17,2
2022-07-17,2
2022-07-17,2
2022-07-17,9
2022-07-18,1
2022-07-18,1
2022-07-18,0
2022-07-18,6
2022-07-18,1
2022-07-18,1
2022-07-18,1
2022-07-18,2
2022-07-18,1
2022-07-18,3
2022-07-18,1
2022-07-18,3
2022-07-18,1
2022-07-18,4
2022-07-18,2
2022-07-18,1
2022-07-18,3
2022-07-18,4
2022-07-19,2
2022-07-19,3
2022-07-19,1
2022-07-19,3
2022-07-19,2
2022-07-19,8
2022-07-19,2
2022-07-19,1
2022-07-19,1
2022-07-19,3
2022-07-19,1
2022-07-19,2
2022-07-19,1
2022-07-19,3
2022-07-19,1
2022-07-19,4
2022-07-19,2
2022-07-19,1
2022-07-19,2
2022-07-19,3
2022-07-19,1
2022-07-20,1
2022-07-20,3
2022-07-20,1
2022-07-20,4
2022-07-20,5
2022-07-20,4
2022-07-20,5
2022-07-20,2
2022-07-20,4
2022-07-20,6
2022-07-20,4
2022-07-20,1
2022-07-20,4
2022-07-20,2
2022-07-20,1
2022-07-20,1
2022-07-20,2
2022-07-20,1
2022-07-20,2
2022-07-20,3
2022-07-20,11
2022-07-20,3
2022-07-20,1
2022-07-20,4
2022-07-20,1
2022-07-20,2
2022-07-20,4
2022-07-21,2
2022-07-21,4
2022-07-21,1
2022-07-21,1
2022-07-21,6
2022-07-21,3
2022-07-21,4
2022-07-21,4
2022-07-21,11
2022-07-21,6
2022-07-21,3
2022-07-21,7
2022-07-21,7
2022-07-21,2
2022-07-21,1
2022-07-21,2
2022-07-21,5
2022-07-21,1
2022-07-21,4
2022-07-21,4
2022-07-21,1
2022-07-21,5
2022-07-21,2
2022-07-21,1
2022-07-21,6
2022-07-22,1
2022-07-22,3
2022-07-22,10
2022-07-22,2
2022-07-22,10
2022-07-22,9
2022-07-22,8
2022-07-22,9
2022-07-22,1
2022-07-22,2
2022-07-22,16
2022-07-22,9
2022-07-22,5
2022-07-22,2
2022-07-22,1
2022-07-22,1
2022-07-22,2
2022-07-22,7
2022-07-22,14
2022-07-22,4
2022-07-22,2
2022-07-22,7
2022-07-22,1
2022-07-22,1
2022-07-22,5
2022-07-22,1
2022-07-23,1
2022-07-23,3
2022-07-23,4
2022-07-23,6
2022-07-23,1
2022-07-23,10
2022-07-23,2
2022-07-23,4
2022-07-23,1
2022-07-23,5
2022-07-23,1
2022-07-23,5
2022-07-23,1
2022-07-23,7
2022-07-23,2
2022-07-23,1
2022-07-23,3
2022-07-23,1
2022-07-23,1
2022-07-23,4
2022-07-23,5
2022-07-24,1
2022-07-24,2
2022-07-24,1
2022-07-24,7
2022-07-24,1
2022-07-24,4
2022-07-24,1
2022-07-24,2
2022-07-24,1
2022-07-24,8
2022-07-24,1
2022-07-24,1
2022-07-24,2
2022-07-24,4
2022-07-24,2
2022-07-24,1
2022-07-24,2
2022-07-24,2
2022-07-24,9
2022-07-25,1
2022-07-25,2
2022-07-25,1
2022-07-25,3
2022-07-25,1
2022-07-25,3
2022-07-25,4
2022-07-25,1
2022-07-25,6
2022-07-25,3
2022-07-25,1
2022-07-25,1
2022-07-25,2
2022-07-25,2
2022-07-25,2
2022-07-25,1
2022-07-25,1
2022-07-25,4
2022-07-25,7
2022-07-26,1
2022-07-26,1
2022-07-26,1
2022-07-26,1
2022-07-26,4
2022-07-26,5
2022-07-26,3
2022-07-26,2
2022-07-26,1
2022-07-26,6
2022-07-26,3
2022-07-26,1
2022-07-26,6
2022-07-26,1
2022-07-26,3
2022-07-26,2
2022-07-26,3
2022-07-26,1
2022-07-26,3
2022-07-26,4
2022-07-26,2
2022-07-26,4
2022-07-27,2
2022-07-27,1
2022-07-27,7
2022-07-27,3
2022-07-27,1
2022-07-27,3
2022-07-27,2
2022-07-28,2
2022-07-28,2
2022-07-28,4
2022-07-28,5
2022-07-28,1
2022-07-28,6
2022-07-28,3
2022-07-28,4
2022-07-28,1
2022-07-28,2
2022-07-28,1
2022-07-28,2
2022-07-28,4
2022-07-28,0
2022-07-28,6
2022-07-28,1
2022-07-28,1
2022-07-28,1
2022-07-28,2
2022-07-29,3
2022-07-29,1
2022-07-29,4
2022-07-29,1
2022-07-29,2
2022-07-29,2
2022-07-29,3
2022-07-29,1
2022-07-29,4
2022-07-29,0
2022-07-29,1
2022-07-29,2
2022-07-29,5
2022-07-30,2
2022-07-30,2
2022-07-30,1
2022-07-30,4
2022-07-30,1
2022-07-30,1
2022-07-30,2
2022-07-30,6
2022-07-30,2
2022-07-30,9
2022-07-30,8
2022-07-30,3
2022-07-30,2
2022-07-30,6
2022-07-30,1
2022-07-30,14
2022-07-30,2
2022-07-30,1
2022-07-30,1
2022-07-30,3
2022-07-30,6
2022-07-30,2
2022-07-30,2
2022-07-30,0
2022-07-30,2
2022-07-30,3
2022-07-30,2
2022-07-30,2
2022-07-30,7
2022-07-30,11
2022-07-30,0
2022-07-31,1
2022-07-31,7
2022-07-31,1
2022-07-31,3
2022-07-31,4
2022-07-31,7
2022-07-31,3
2022-07-31,1
2022-07-31,10
2022-07-31,3
2022-07-31,5
2022-07-31,1
2022-07-31,2
2022-07-31,2
2022-07-31,6
2022-07-31,1
2022-07-31,1
2022-07-31,0
2022-07-31,1
2022-07-31,4
2022-07-31,1
2022-07-31,4
2022-07-31,1
2022-07-31,1
2022-07-31,1
2022-07-31,1
2022-07-31,1
2022-07-31,1
2022-07-31,1
2022-07-31,3
2022-08-01,1
2022-08-01,1
2022-08-01,1
2022-08-01,1
2022-08-01,1
2022-08-01,2
2022-08-01,1
2022-08-01,1
2022-08-01,2
2022-08-01,0
2022-08-01,1
2022-08-02,1
2022-08-02,1
2022-08-02,1
2022-08-02,1
2022-08-02,1
2022-08-02,1
2022-08-02,2
2022-08-02,2
2022-08-03,1
2022-08-03,1
2022-08-03,1
2022-08-03,1
2022-08-03,1
2022-08-03,2
2022-08-03,1
2022-08-03,3
2022-08-03,1
2022-08-03,1
2022-08-03,1
2022-08-03,1
2022-08-04,1
2022-08-04,2
2022-08-04,2
2022-08-04,1
2022-08-04,1
2022-08-04,2
2022-08-04,1
2022-08-04,1
2022-08-04,1
2022-08-04,2
2022-08-04,5
2022-08-04,2
2022-08-04,1
2022-08-05,1
2022-08-05,1
2022-08-05,2
2022-08-05,5
2022-08-05,1
2022-08-05,2
2022-08-05,7
2022-08-05,2
2022-08-05,1
2022-08-05,6
2022-08-05,1
2022-08-05,5
2022-08-05,1
2022-08-05,1
2022-08-05,1
2022-08-05,4
2022-08-05,1
2022-08-05,3
2022-08-05,3
2022-08-05,3
2022-08-05,3
2022-08-05,3
2022-08-05,1
2022-08-05,2
2022-08-05,2
2022-08-05,5
2022-08-06,3
2022-08-06,2
2022-08-06,3
2022-08-06,5
2022-08-06,1
2022-08-06,3
2022-08-06,4
2022-08-06,1
2022-08-06,1
2022-08-06,9
2022-08-06,3
2022-08-06,10
2022-08-06,4
2022-08-06,2
2022-08-06,2
2022-08-06,1
2022-08-06,11
2022-08-07,1
2022-08-07,2
2022-08-07,1
2022-08-07,2
2022-08-07,9
2022-08-07,1
2022-08-07,6
2022-08-07,6
2022-08-07,1
2022-08-07,1
2022-08-07,1
2022-08-07,5
2022-08-07,6
2022-08-07,4
2022-08-07,1
2022-08-07,1
2022-08-07,1
2022-08-07,2
2022-08-07,1
2022-08-07,2
2022-08-07,9
2022-08-08,1
2022-08-08,2
2022-08-08,1
2022-08-08,1
2022-08-08,1
2022-08-08,2
2022-08-08,2
2022-08-08,3
2022-08-08,1
2022-08-08,3
2022-08-08,1
2022-08-08,1
2022-08-08,4
2022-08-08,2
2022-08-09,1
2022-08-09,2
2022-08-09,2
2022-08-09,4
2022-08-09,4
2022-08-09,1
2022-08-09,1
2022-08-09,1
2022-08-09,1
2022-08-10,2
2022-08-10,2
2022-08-10,0
2022-08-10,2
2022-08-10,1
2022-08-10,1
2022-08-10,2
2022-08-10,1
2022-08-10,1
2022-08-10,1
2022-08-10,2
2022-08-10,1
2022-08-10,1
2022-08-10,1
2022-08-11,1
2022-08-11,1
2022-08-11,4
2022-08-11,3
2022-08-11,2
2022-08-11,1
2022-08-11,3
2022-08-11,5
2022-08-11,1
2022-08-11,1
2022-08-11,6
2022-08-11,3
2022-08-11,3
2022-08-11,2
2022-08-12,1
2022-08-12,5
2022-08-12,2
2022-08-12,1
2022-08-12,2
2022-08-12,4
2022-08-12,3
2022-08-12,3
2022-08-12,3
2022-08-12,1
2022-08-12,2
2022-08-12,3
2022-08-12,2
2022-08-12,0
2022-08-12,2
2022-08-12,1
2022-08-12,2
2022-08-12,2
2022-08-12,4
2022-08-12,2
2022-08-12,1
2022-08-12,4
2022-08-12,1
2022-08-12,2
2022-08-12,2
2022-08-13,5
2022-08-13,1
2022-08-13,2
2022-08-13,7
2022-08-13,2
2022-08-13,1
2022-08-13,7
2022-08-13,2
2022-08-13,1
2022-08-13,0
2022-08-13,12
2022-08-13,2
2022-08-13,1
2022-08-13,1
2022-08-13,8
2022-08-13,4
2022-08-13,1
2022-08-13,3
2022-08-13,1
2022-08-13,1
2022-08-13,2
2022-08-13,9
2022-08-13,8
2022-08-13,1
2022-08-14,2
2022-08-14,1
2022-08-14,6
2022-08-14,2
2022-08-14,9
2022-08-14,9
2022-08-14,1
2022-08-14,12
2022-08-14,12
2022-08-14,1
2022-08-14,4
2022-08-14,2
2022-08-14,7
2022-08-14,1
2022-08-14,2
2022-08-14,2
2022-08-14,6
2022-08-14,1
2022-08-14,5
2022-08-14,10
2022-08-15,2
2022-08-15,1
2022-08-15,1
2022-08-15,4
2022-08-15,1
2022-08-15,2
2022-08-15,1
2022-08-15,2
2022-08-15,5
2022-08-16,1
2022-08-16,1
2022-08-16,1
2022-08-16,1
2022-08-16,1
2022-08-17,1
2022-08-17,1
2022-08-17,3
2022-08-17,2
2022-08-17,3
2022-08-17,1
2022-08-18,1
2022-08-18,2
2022-08-18,1
2022-08-18,2
2022-08-18,1
2022-08-18,2
2022-08-18,3
2022-08-18,1
2022-08-18,1
2022-08-18,0
2022-08-18,1
2022-08-18,1
2022-08-18,1
2022-08-18,3
2022-08-18,4
2022-08-19,2
2022-08-19,1
2022-08-19,2
2022-08-19,1
2022-08-19,1
2022-08-19,1
2022-08-19,1
2022-08-19,6
2022-08-19,2
2022-08-19,5
2022-08-19,1
2022-08-19,1
2022-08-19,4
2022-08-19,7
2022-08-20,1
2022-08-20,1
2022-08-20,1
2022-08-20,6
2022-08-20,2
2022-08-20,1
2022-08-20,4
2022-08-20,5
2022-08-20,1
2022-08-20,1
2022-08-20,0
2022-08-20,3
2022-08-20,1
2022-08-20,2
2022-08-20,4
2022-08-20,1
2022-08-20,3
2022-08-20,1
2022-08-20,2
2022-08-20,2
2022-08-20,3
2022-08-20,2
2022-08-20,3
2022-08-20,5
2022-08-21,2
2022-08-21,1
2022-08-21,1
2022-08-21,1
2022-08-21,3
2022-08-21,2
2022-08-21,1
2022-08-21,1
2022-08-21,1
2022-08-21,1
2022-08-21,2
2022-08-21,1
2022-08-21,1
2022-08-21,1
2022-08-21,4
2022-08-21,4
2022-08-22,1
2022-08-22,2
2022-08-22,1
2022-08-22,1
2022-08-22,4
2022-08-22,1
2022-08-22,1
2022-08-22,1
2022-08-22,0
2022-08-22,1
2022-08-22,2
2022-08-22,1
2022-08-22,1
2022-08-22,1
2022-08-23,1
2022-08-23,1
2022-08-23,1
2022-08-23,1
2022-08-24,0
2022-08-24,1
2022-08-24,1
2022-08-24,2
2022-08-24,1
2022-08-24,2
2022-08-24,1
2022-08-24,2
2022-08-24,1
2022-08-24,1
2022-08-24,1
2022-08-24,3
2022-08-24,1
2022-08-25,1
2022-08-25,1
2022-08-25,1
2022-08-25,1
2022-08-25,2
2022-08-25,1
2022-08-25,1
2022-08-25,5
2022-08-25,1
2022-08-25,3
2022-08-25,1
2022-08-25,1
2022-08-25,1
2022-08-25,1
2022-08-26,2
2022-08-26,3
2022-08-26,1
2022-08-26,1
2022-08-26,1
2022-08-26,2
2022-08-26,1
2022-08-26,2
2022-08-26,1
2022-08-26,0
2022-08-26,4
2022-08-26,2
2022-08-27,1
2022-08-27,1
2022-08-27,2
2022-08-27,1
2022-08-27,5
2022-08-27,6
2022-08-27,1
2022-08-27,5
2022-08-27,3
2022-08-27,1
2022-08-27,3
2022-08-27,7
2022-08-27,4
2022-08-27,5
2022-08-27,1
2022-08-27,3
2022-08-27,2
2022-08-27,2
2022-08-27,3
2022-08-27,4
2022-08-27,3
2022-08-27,1
2022-08-27,1
2022-08-27,2
2022-08-27,3
2022-08-27,1
2022-08-28,1
2022-08-28,4
2022-08-28,4
2022-08-28,1
2022-08-28,2
2022-08-28,1
2022-08-28,4
2022-08-28,1
2022-08-28,1
2022-08-28,4
2022-08-28,2
2022-08-28,1
2022-08-28,1
2022-08-28,2
2022-08-28,1
2022-08-28,2
2022-08-29,1
2022-08-29,1
2022-08-29,1
2022-08-29,2
2022-08-30,1
2022-08-30,2
2022-08-30,1
2022-08-30,1
2022-08-30,1
2022-08-30,1
2022-08-31,1
2022-08-31,1
2022-08-31,8
2022-08-31,1
2022-08-31,4
2022-08-31,1
2022-08-31,2
2022-08-31,1
2022-08-31,1
2022-08-31,5
2022-08-31,1
2022-08-31,2
2022-08-31,1
2022-08-31,6
2022-09-01,1
2022-09-01,2
2022-09-01,1
2022-09-01,1
2022-09-01,1
2022-09-01,0
2022-09-01,2
2022-09-01,4
2022-09-01,1
2022-09-01,3
2022-09-01,2
2022-09-01,2
2022-09-01,5
2022-09-01,1
2022-09-01,1
2022-09-01,2
2022-09-01,4
2022-09-02,1
2022-09-02,3
2022-09-02,1
2022-09-02,2
2022-09-02,0
2022-09-02,1
2022-09-02,4
2022-09-02,1
2022-09-02,1
2022-09-02,1
2022-09-03,2
2022-09-03,0
2022-09-03,1
2022-09-03,0
2022-09-03,3
2022-09-03,4
2022-09-03,1
2022-09-03,10
2022-09-03,2
2022-09-03,2
2022-09-03,3
2022-09-03,1
2022-09-03,10
2022-09-03,1
2022-09-03,3
2022-09-03,8
2022-09-03,1
2022-09-03,3
2022-09-03,1
2022-09-03,8
2022-09-03,2
2022-09-04,3
2022-09-04,1
2022-09-04,2
2022-09-04,9
2022-09-04,1
2022-09-04,11
2022-09-04,1
2022-09-04,1
2022-09-04,7
2022-09-04,2
2022-09-04,1
2022-09-04,4
2022-09-04,2
2022-09-04,1
2022-09-04,1
2022-09-04,2
2022-09-04,4
2022-09-05,1
2022-09-05,1
2022-09-05,3
2022-09-05,1
2022-09-05,1
2022-09-05,1
2022-09-05,2
2022-09-05,2
2022-09-05,1
2022-09-05,2
2022-09-05,1
2022-09-05,3
2022-09-05,1
2022-09-05,1
2022-09-05,2
2022-09-06,2
2022-09-06,1
2022-09-06,1
2022-09-06,4
2022-09-06,1
2022-09-07,3
2022-09-07,1
2022-09-07,0
2022-09-07,1
2022-09-07,2
2022-09-07,1
2022-09-07,3
2022-09-07,2
2022-09-07,1
2022-09-07,2
2022-09-07,2
2022-09-08,1
2022-09-08,1
2022-09-08,2
2022-09-08,1
2022-09-08,1
2022-09-08,1
2022-09-08,2
2022-09-08,2
2022-09-09,1
2022-09-09,1
2022-09-09,1
2022-09-09,4
2022-09-09,1
2022-09-09,1
2022-09-10,5
2022-09-10,0
2022-09-10,8
2022-09-10,1
2022-09-10,2
2022-09-10,8
2022-09-10,1
2022-09-10,8
2022-09-10,15
2022-09-10,1
2022-09-10,14
2022-09-10,2
2022-09-10,2
2022-09-10,1
2022-09-10,5
2022-09-10,1
2022-09-10,1
2022-09-10,4
2022-09-10,3
2022-09-11,2
2022-09-11,2
2022-09-11,1
2022-09-11,11
2022-09-11,1
2022-09-11,1
2022-09-11,2
2022-09-11,1
2022-09-11,1
2022-09-11,2
2022-09-11,1
2022-09-11,3
2022-09-11,1
2022-09-12,1
2022-09-12,2
2022-09-12,1
2022-09-12,1
2022-09-12,2
2022-09-12,1
2022-09-12,1
2022-09-12,1
2022-09-12,1
2022-09-13,1
2022-09-13,1
2022-09-13,1
2022-09-13,2
2022-09-13,2
2022-09-13,2
2022-09-13,1
2022-09-13,2
2022-09-14,1
2022-09-14,2
2022-09-14,1
2022-09-14,2
2022-09-14,1
2022-09-14,1
2022-09-14,1
2022-09-14,0
2022-09-14,3
2022-09-14,1
2022-09-14,1
2022-09-14,1
2022-09-14,1
2022-09-14,5
2022-09-15,1
2022-09-15,1
2022-09-15,3
2022-09-15,1
2022-09-15,3
2022-09-16,1
2022-09-16,4
2022-09-16,1
2022-09-17,2
2022-09-17,1
2022-09-17,0
2022-09-17,1
2022-09-17,4
2022-09-17,6
2022-09-17,6
2022-09-17,3
2022-09-17,1
2022-09-17,2
2022-09-17,3
2022-09-17,2
2022-09-17,4
2022-09-17,4
2022-09-17,3
2022-09-17,1
2022-09-17,1
2022-09-17,2
2022-09-17,15
2022-09-17,2
2022-09-18,1
2022-09-18,0
2022-09-18,1
2022-09-18,0
2022-09-18,3
2022-09-18,3
2022-09-18,1
2022-09-18,2
2022-09-18,1
2022-09-18,3
2022-09-18,1
2022-09-18,1
2022-09-18,4
2022-09-18,2
2022-09-18,1
2022-09-18,2
2022-09-18,8
2022-09-18,1
2022-09-19,2
2022-09-19,2
2022-09-19,2
2022-09-19,1
2022-09-19,1
2022-09-19,3
2022-09-19,1
2022-09-19,1
2022-09-19,1
2022-09-19,1
2022-09-20,1
2022-09-20,2
2022-09-20,1
2022-09-20,2
2022-09-20,1
2022-09-21,1
2022-09-21,3
2022-09-21,1
2022-09-21,2
2022-09-21,3
2022-09-21,2
2022-09-21,1
2022-09-21,3
2022-09-21,1
2022-09-21,1
2022-09-21,3
2022-09-21,1
2022-09-21,1
2022-09-21,0
2022-09-21,1
2022-09-22,1
2022-09-22,3
2022-09-22,2
2022-09-22,3
2022-09-22,2
2022-09-22,1
2022-09-22,2
2022-09-22,5
2022-09-22,2
2022-09-22,1
2022-09-22,1
2022-09-22,1
2022-09-23,1
2022-09-23,3
2022-09-23,1
2022-09-23,1
2022-09-23,3
2022-09-23,2
2022-09-24,1
2022-09-24,1
2022-09-24,0
2022-09-24,2
2022-09-24,8
2022-09-24,2
2022-09-24,5
2022-09-24,6
2022-09-24,1
2022-09-24,8
2022-09-24,1
2022-09-24,5
2022-09-24,5
2022-09-24,1
2022-09-24,5
2022-09-24,1
2022-09-24,2
2022-09-24,1
2022-09-24,8
2022-09-24,3
2022-09-24,3
2022-09-25,1
2022-09-25,7
2022-09-25,2
2022-09-25,2
2022-09-25,1
2022-09-25,1
2022-09-25,2
2022-09-26,2
2022-09-26,1
2022-09-26,2
2022-09-26,2
2022-09-27,1
2022-09-27,1
2022-09-27,1
2022-09-27,2
2022-09-27,1
2022-09-27,3
2022-09-28,1
2022-09-28,1
2022-09-28,1
2022-09-28,2
2022-09-28,1
2022-09-29,1
2022-09-29,1
2022-09-29,2
2022-09-29,1
2022-09-29,3
2022-09-29,1
2022-09-29,1
2022-09-29,2
2022-09-29,1
2022-09-29,1
2022-09-29,2
2022-09-29,3
2022-09-30,1
2022-09-30,2
2022-09-30,3
2022-09-30,2
2022-09-30,1
2022-09-30,1
2022-09-30,2
2022-09-30,1
2022-10-01,1
2022-10-01,1
2022-10-01,7
2022-10-01,6
2022-10-01,2
2022-10-01,5
2022-10-01,11
2022-10-01,2
2022-10-01,3
2022-10-01,1
2022-10-01,2
2022-10-01,3
2022-10-01,2
2022-10-01,2
2022-10-01,4
2022-10-02,13
2022-10-02,1
2022-10-02,6
2022-10-02,1
2022-10-02,1
2022-10-02,1
2022-10-02,4
2022-10-02,1
2022-10-02,6
2022-10-02,3
2022-10-02,2
2022-10-02,3
2022-10-02,1
2022-10-02,2
2022-10-02,1
2022-10-02,2
2022-10-03,6
2022-10-03,1
2022-10-03,1
2022-10-03,1
2022-10-03,2
2022-10-03,1
2022-10-03,1
2022-10-03,1
2022-10-04,1
2022-10-04,1
2022-10-04,2
2022-10-04,1
2022-10-04,1
2022-10-04,1
2022-10-04,1
2022-10-04,1
2022-10-04,1
2022-10-04,1
2022-10-04,3
2022-10-04,2
2022-10-05,1
2022-10-05,1
2022-10-05,2
2022-10-05,1
2022-10-05,3
2022-10-05,1
2022-10-05,0
2022-10-05,3
2022-10-05,1
2022-10-05,3
2022-10-05,1
2022-10-05,1
2022-10-05,1
2022-10-05,1
2022-10-05,1
2022-10-06,2
2022-10-06,2
2022-10-06,1
2022-10-06,3
2022-10-06,4
2022-10-06,2
2022-10-06,3
2022-10-06,2
2022-10-06,2
2022-10-07,1
2022-10-07,4
2022-10-07,1
2022-10-07,1
2022-10-07,1
2022-10-07,1
2022-10-07,1
2022-10-08,1
2022-10-08,2
2022-10-08,3
2022-10-08,16
2022-10-08,2
2022-10-08,3
2022-10-08,5
2022-10-08,4
2022-10-08,9
2022-10-08,2
2022-10-08,1
2022-10-08,2
2022-10-08,2
2022-10-08,1
2022-10-08,1
2022-10-08,5
2022-10-09,1
2022-10-09,1
2022-10-09,1
2022-10-09,6
2022-10-09,6
2022-10-09,1
2022-10-09,1
2022-10-09,13
2022-10-09,3
2022-10-09,1
2022-10-09,1
2022-10-09,1
2022-10-11,1
2022-10-11,1
2022-10-11,1
2022-10-11,1
2022-10-11,2
2022-10-11,1
2022-10-11,2
2022-10-11,1
2022-10-11,1
2022-10-11,1
2022-10-11,2
2022-10-12,1
2022-10-12,2
2022-10-12,1
2022-10-12,1
2022-10-13,2
2022-10-13,1
2022-10-13,1
2022-10-13,1
2022-10-13,3
2022-10-13,1
2022-10-13,1
2022-10-13,2
2022-10-13,1
2022-10-13,1
2022-10-13,1
2022-10-13,7
2022-10-14,2
2022-10-14,2
2022-10-14,1
2022-10-15,2
2022-10-15,1
2022-10-15,1
2022-10-15,10
2022-10-15,2
2022-10-15,1
2022-10-15,2
2022-10-15,1
2022-10-15,5
2022-10-15,1
2022-10-15,4
2022-10-15,2
2022-10-15,2
2022-10-15,1
2022-10-15,2
2022-10-15,7
2022-10-15,1
2022-10-16,1
2022-10-16,2
2022-10-16,2
2022-10-16,1
2022-10-16,5
2022-10-16,1
2022-10-16,6
2022-10-16,2
2022-10-16,3
2022-10-16,1
2022-10-16,1
2022-10-16,1
2022-10-16,8
2022-10-16,5
2022-10-17,1
2022-10-17,0
2022-10-18,1
2022-10-18,2
2022-10-18,2
2022-10-18,0
2022-10-18,2
2022-10-18,2
2022-10-18,2
2022-10-19,1
2022-10-19,2
2022-10-19,2
2022-10-19,4
2022-10-19,1
2022-10-19,1
2022-10-19,4
2022-10-19,1
2022-10-19,1
2022-10-19,2
2022-10-19,1
2022-10-19,1
2022-10-19,1
2022-10-19,0
2022-10-19,1
2022-10-19,1
2022-10-20,2
2022-10-20,0
2022-10-20,4
2022-10-20,1
2022-10-20,1
2022-10-20,3
2022-10-20,1
2022-10-20,1
2022-10-20,1
2022-10-20,1
2022-10-21,1
2022-10-21,2
2022-10-22,0
2022-10-22,1
2022-10-22,1
2022-10-22,2
2022-10-22,2
2022-10-22,3
2022-10-22,4
2022-10-22,2
2022-10-22,5
2022-10-22,6
2022-10-22,1
2022-10-22,7
2022-10-22,4
2022-10-22,1
2022-10-22,3
2022-10-22,3
2022-10-22,6
2022-10-22,3
2022-10-22,1
2022-10-22,3
2022-10-23,0
2022-10-23,2
2022-10-23,4
2022-10-23,3
2022-10-23,0
2022-10-23,1
2022-10-23,1
2022-10-23,0
2022-10-24,1
2022-10-24,1
2022-10-24,1
2022-10-24,1
2022-10-25,1
2022-10-25,1
2022-10-25,1
2022-10-25,1
2022-10-25,1
2022-10-26,2
2022-10-26,1
2022-10-26,2
2022-10-26,1
2022-10-26,3
2022-10-26,1
2022-10-26,2
2022-10-27,1
2022-10-27,2
2022-10-27,1
2022-10-27,4
2022-10-27,1
2022-10-27,3
2022-10-27,1
2022-10-27,1
2022-10-27,2
2022-10-27,1
2022-10-27,1
2022-10-27,1
2022-10-27,2
2022-10-29,3
2022-10-29,6
2022-10-29,1
2022-10-29,2
2022-10-29,2
2022-10-29,3
2022-10-29,22
2022-10-29,3
2022-10-29,1
2022-10-29,8
2022-10-29,1
2022-10-29,1
2022-10-29,5
2022-10-29,2
2022-10-29,4
2022-10-29,1
2022-10-29,2
2022-10-29,3
2022-10-29,2
2022-10-29,2
2022-10-29,4
2022-10-29,3
2022-10-29,1
2022-10-29,13
2022-10-30,1
2022-10-30,2
2022-10-30,12
2022-10-30,8
2022-10-30,1
2022-10-30,2
2022-10-30,1
2022-10-30,1
2022-10-30,1
2022-10-30,3
2022-10-30,4
2022-10-31,2
2022-10-31,1
2022-11-01,1
2022-11-01,1
2022-11-01,1
2022-11-01,1
2022-11-01,2
2022-11-01,1
2022-11-01,2
2022-11-02,2
2022-11-02,0
2022-11-02,2
2022-11-02,1
2022-11-02,5
2022-11-02,1
2022-11-02,2
2022-11-02,1
2022-11-02,2
2022-11-03,1
2022-11-03,1
2022-11-03,2
2022-11-03,4
2022-11-03,3
2022-11-03,1
2022-11-03,1
2022-11-04,1
2022-11-04,1
2022-11-04,3
2022-11-04,0
2022-11-04,2
2022-11-04,1
2022-11-04,4
2022-11-05,1
2022-11-05,2
2022-11-05,5
2022-11-05,7
2022-11-05,1
2022-11-05,4
2022-11-05,3
2022-11-05,5
2022-11-05,4
2022-11-05,1
2022-11-05,8
2022-11-05,1
2022-11-05,4
2022-11-05,1
2022-11-05,6
2022-11-05,1
2022-11-05,0
2022-11-05,2
2022-11-05,4
2022-11-05,1
2022-11-06,0
2022-11-06,1
2022-11-06,1
2022-11-06,5
2022-11-06,2
2022-11-06,2
2022-11-06,1
2022-11-06,1
2022-11-06,1
2022-11-06,11
2022-11-06,3
2022-11-06,2
2022-11-06,2
2022-11-06,2
2022-11-06,1
2022-11-06,3
2022-11-06,3
2022-11-06,1
2022-11-07,1
2022-11-07,1
2022-11-07,2
2022-11-07,1
2022-11-07,1
2022-11-07,1
2022-11-08,1
2022-11-08,1
2022-11-08,2
2022-11-08,1
2022-11-08,1
2022-11-08,1
2022-11-09,1
2022-11-09,1
2022-11-09,1
2022-11-09,1
2022-11-10,1
2022-11-10,1
2022-11-10,1
2022-11-10,1
2022-11-10,3
2022-11-11,1
2022-11-11,3
2022-11-11,2
2022-11-11,1
2022-11-11,1
2022-11-12,1
2022-11-12,1
2022-11-12,3
2022-11-12,7
2022-11-12,2
2022-11-12,1
2022-11-12,2
2022-11-12,1
2022-11-12,6
2022-11-12,4
2022-11-12,1
2022-11-12,6
2022-11-12,1
2022-11-12,1
2022-11-12,1
2022-11-12,2
2022-11-12,1
2022-11-12,1
2022-11-13,1
2022-11-13,9
2022-11-13,1
2022-11-13,4
2022-11-13,2
2022-11-13,1
2022-11-13,4
2022-11-13,1
2022-11-13,1
2022-11-13,2
2022-11-13,2
2022-11-13,6
2022-11-13,3
2022-11-13,2
2022-11-13,1
2022-11-13,1
2022-11-13,5
2022-11-14,2
2022-11-14,2
2022-11-14,1
2022-11-15,1
2022-11-15,4
2022-11-15,2
2022-11-15,1
2022-11-16,1
2022-11-16,1
2022-11-16,2
2022-11-16,0
2022-11-16,2
2022-11-16,1
2022-11-16,2
2022-11-16,2
2022-11-16,2
2022-11-16,3
2022-11-16,2
2022-11-16,0
2022-11-16,1
2022-11-16,4
2022-11-17,1
2022-11-17,4
2022-11-17,1
2022-11-17,4
2022-11-17,3
2022-11-17,1
2022-11-17,1
2022-11-17,1
2022-11-17,1
2022-11-17,6
2022-11-18,1
2022-11-18,1
2022-11-19,1
2022-11-19,0
2022-11-19,2
2022-11-19,0
2022-11-19,1
2022-11-19,0
2022-11-19,2
2022-11-19,3
2022-11-19,3
2022-11-19,1
2022-11-19,3
2022-11-19,1
2022-11-19,1
2022-11-19,1
2022-11-19,4
2022-11-19,3
2022-11-19,1
2022-11-19,5
2022-11-19,1
2022-11-19,2
2022-11-19,2
2022-11-19,3
2022-11-19,1
2022-11-19,3
2022-11-19,12
2022-11-19,1
2022-11-20,1
2022-11-20,1
2022-11-20,6
2022-11-20,2
2022-11-20,1
2022-11-20,4
2022-11-20,1
2022-11-20,3
2022-11-20,1
2022-11-20,1
2022-11-21,1
2022-11-21,4
2022-11-21,1
2022-11-21,1
2022-11-21,1
2022-11-21,1
2022-11-21,1
2022-11-22,1
2022-11-22,1
2022-11-22,1
2022-11-22,1
2022-11-22,1
2022-11-23,3
2022-11-24,1
2022-11-24,1
2022-11-24,1
2022-11-24,1
2022-11-24,2
2022-11-24,1
2022-11-24,4
2022-11-25,1
2022-11-25,1
2022-11-25,2
2022-11-25,3
2022-11-25,1
2022-11-25,3
2022-11-25,5
2022-11-25,2
2022-11-25,2
2022-11-25,1
2022-11-25,1
2022-11-25,2
2022-11-26,2
2022-11-26,1
2022-11-26,3
2022-11-26,2
2022-11-26,13
2022-11-26,2
2022-11-26,1
2022-11-26,1
2022-11-26,3
2022-11-26,1
2022-11-26,1
2022-11-26,2
2022-11-26,1
2022-11-26,27
2022-11-26,3
2022-11-26,1
2022-11-26,4
2022-11-26,2
2022-11-26,3
2022-11-26,2
2022-11-26,1
2022-11-26,2
2022-11-26,2
2022-11-26,7
2022-11-26,7
2022-11-27,1
2022-11-27,1
2022-11-27,3
2022-11-27,2
2022-11-27,7
2022-11-27,9
2022-11-27,1
2022-11-27,2
2022-11-27,7
2022-11-27,3
2022-11-27,2
2022-11-27,2
2022-11-27,3
2022-11-27,1
2022-11-27,8
2022-11-27,1
2022-11-27,3
2022-11-27,1
2022-11-28,3
2022-11-28,1
2022-11-29,1
2022-11-29,1
2022-11-29,2
2022-11-29,4
2022-11-29,2
2022-11-29,1
2022-11-29,4
2022-11-29,2
2022-11-29,1
2022-11-30,4
2022-11-30,1
2022-11-30,1
2022-11-30,1
2022-11-30,3
2022-11-30,0
2022-11-30,2
2022-11-30,1
2022-11-30,3
2022-11-30,1
2022-11-30,1
2022-11-30,1
2022-11-30,4
2022-12-01,2
2022-12-01,0
2022-12-01,1
2022-12-01,2
2022-12-01,1
2022-12-01,1
2022-12-01,1
2022-12-02,3
2022-12-02,1
2022-12-02,1
2022-12-02,2
2022-12-02,1
2022-12-02,1
2022-12-03,2
2022-12-03,2
2022-12-03,6
2022-12-03,4
2022-12-03,2
2022-12-03,6
2022-12-03,8
2022-12-03,1
2022-12-03,6
2022-12-03,2
2022-12-03,8
2022-12-03,1
2022-12-03,4
2022-12-03,2
2022-12-03,3
2022-12-03,6
2022-12-03,2
2022-12-03,4
2022-12-03,3
2022-12-03,6
2022-12-03,13
2022-12-03,1
2022-12-04,1
2022-12-04,1
2022-12-04,1
2022-12-04,1
2022-12-04,2
2022-12-04,2
2022-12-04,1
2022-12-04,1
2022-12-04,1
2022-12-04,4
2022-12-04,1
2022-12-04,1
2022-12-04,3
2022-12-05,2
2022-12-05,1
2022-12-05,2
2022-12-05,1
2022-12-05,1
2022-12-05,1
2022-12-05,1
2022-12-05,1
2022-12-05,1
2022-12-05,1
2022-12-06,1
2022-12-06,1
2022-12-06,1
2022-12-06,2
2022-12-06,1
2022-12-06,2
2022-12-06,1
2022-12-07,0
2022-12-07,1
2022-12-07,1
2022-12-07,0
2022-12-07,0
2022-12-07,1
2022-12-07,1
2022-12-07,1
2022-12-07,0
2022-12-07,0
2022-12-08,1
2022-12-08,5
2022-12-08,0
2022-12-08,1
2022-12-08,2
2022-12-08,2
2022-12-08,1
2022-12-08,1
2022-12-08,1
2022-12-09,2
2022-12-09,0
2022-12-09,2
2022-12-09,2
2022-12-09,2
2022-12-09,5
2022-12-09,1
2022-12-09,1
2022-12-10,1
2022-12-10,3
2022-12-10,6
2022-12-10,7
2022-12-10,3
2022-12-10,4
2022-12-10,5
2022-12-10,9
2022-12-10,1
2022-12-10,2
2022-12-10,6
2022-12-10,9
2022-12-10,2
2022-12-10,3
2022-12-10,8
2022-12-10,6
2022-12-10,4
2022-12-10,3
2022-12-10,1
2022-12-10,6
2022-12-10,2
2022-12-11,1
2022-12-11,3
2022-12-11,0
2022-12-11,4
2022-12-11,4
2022-12-11,0
2022-12-11,2
2022-12-11,1
2022-12-11,1
2022-12-11,1
2022-12-11,1
2022-12-12,1
2022-12-13,5
2022-12-13,1
2022-12-13,3
2022-12-13,1
2022-12-13,1
2022-12-13,1
2022-12-13,2
2022-12-13,1
2022-12-13,2
2022-12-13,0
2022-12-14,1
2022-12-14,1
2022-12-14,1
2022-12-14,4
2022-12-14,1
2022-12-14,1
2022-12-14,1
2022-12-14,1
2022-12-14,1
2022-12-14,1
2022-12-14,1
2022-12-14,1
2022-12-14,2
2022-12-14,4
2022-12-15,1
2022-12-15,2
2022-12-15,1
2022-12-15,5
2022-12-15,3
2022-12-15,1
2022-12-15,7
2022-12-15,2
2022-12-15,2
2022-12-15,1
2022-12-15,1
2022-12-16,1
2022-12-16,1
2022-12-17,3
2022-12-17,2
2022-12-17,10
2022-12-17,1
2022-12-17,2
2022-12-17,1
2022-12-17,2
2022-12-17,1
2022-12-17,1
2022-12-17,1
2022-12-18,1
2022-12-18,2
2022-12-18,0
2022-12-18,10
2022-12-18,6
2022-12-18,1
2022-12-18,1
2022-12-18,1
2022-12-18,3
2022-12-18,24
2022-12-18,2
2022-12-18,2
2022-12-18,4
2022-12-18,1
2022-12-18,6
2022-12-18,1
2022-12-18,3
2022-12-18,3
2022-12-18,1
2022-12-18,1
2022-12-18,5
2022-12-18,5
2022-12-19,0
2022-12-20,1
2022-12-20,2
2022-12-20,4
2022-12-20,1
2022-12-21,1
2022-12-21,1
2022-12-21,0
2022-12-22,1
2022-12-22,3
2022-12-22,1
2022-12-22,1
2022-12-22,1
2022-12-22,1
2022-12-22,1
2022-12-22,1
2022-12-22,0
2022-12-22,2
2022-12-23,2
2022-12-23,2
2022-12-23,2
2022-12-23,2
2022-12-23,2
2022-12-26,1
2022-12-26,3
2022-12-26,1
2022-12-26,4
2022-12-26,2
2022-12-26,1
2022-12-26,1
2022-12-26,1
2022-12-26,1
2022-12-26,3
2022-12-26,1
2022-12-26,1
2022-12-26,1
2022-12-26,2
2022-12-27,1
2022-12-27,1
2022-12-27,1
2022-12-27,0
2022-12-27,0
2022-12-27,1
2022-12-27,1
2022-12-28,1
2022-12-28,1
2022-12-28,1
2022-12-28,1
2022-12-28,1
2022-12-28,1
2022-12-28,1
2022-12-28,2
2022-12-28,7
2022-12-28,1
2022-12-29,1
2022-12-29,2
2022-12-29,2
2022-12-29,2
2022-12-29,3
2022-12-29,2
2022-12-29,1
2022-12-29,7
2022-12-29,1
2022-12-29,1
2022-12-29,3
2022-12-29,2
2022-12-29,1
2022-12-30,0
2022-12-30,1
2022-12-30,1
2022-12-30,2
2022-12-30,10
2022-12-30,2
2022-12-30,1
2022-12-30,14
2022-12-30,3